Id,Maker,img,Url,Title,Description,Ratings
Id,Maker,img,Url,Title,Description,Ratings
Id,Maker,img,Url,Title,Description,Ratings
Id,Maker,img,Url,Title,Description,Ratings
Id,Maker,img,Url,Title,Description,Ratings
Id,Maker,img,Url,Title,Description,Ratings
Id,Maker,img,Url,Title,Description,Ratings
Id,Maker,img,Url,Title,Description,Ratings
Id,Maker,img,Url,Title,Description,Ratings
Id,Maker,img,Url,Title,Description,Ratings
Id,Maker,img,Url,Title,Description,Ratings
Id,Maker,img,Url,Title,Description,Ratings
Id,Maker,img,Url,Title,Description,Ratings
Id,Maker,img,Url,Title,Description,Ratings
Id,Maker,img,Url,Title,Description,Ratings
